{
  "project_info": {
    "project_number": "531907334300",
    "firebase_url": "https://tourenlogger.firebaseio.com",
    "project_id": "tourenlogger",
    "storage_bucket": "tourenlogger.appspot.com"
  },
  "client": [
    {
      "client_info": {
        "mobilesdk_app_id": "1:531907334300:android:31d52c2071385314",
        "android_client_info": {
          "package_name": "de.appwerft.tourentracker"
        }
      },
      "oauth_client": [
        {
          "client_id": "531907334300-rc90luo2u3lua73rt6a6k0ehqpu9p7kb.apps.googleusercontent.com",
          "client_type": 3
        }
      ],
      "api_key": [
        {
          "current_key": "AIzaSyB2RCdbfJhcS1s9q5uxjPl0h41qnp3QPcw"
        }
      ],
      "services": {
        "analytics_service": {
          "status": 1
        },
        "appinvite_service": {
          "status": 1,
          "other_platform_oauth_client": []
        },
        "ads_service": {
          "status": 2
        }
      }
    },
    {
      "client_info": {
        "mobilesdk_app_id": "1:531907334300:android:fef9c049d7719ffa",
        "android_client_info": {
          "package_name": "de.appwerft.test"
        }
      },
      "oauth_client": [
        {
          "client_id": "531907334300-rc90luo2u3lua73rt6a6k0ehqpu9p7kb.apps.googleusercontent.com",
          "client_type": 3
        }
      ],
      "api_key": [
        {
          "current_key": "AIzaSyB2RCdbfJhcS1s9q5uxjPl0h41qnp3QPcw"
        }
      ],
      "services": {
        "analytics_service": {
          "status": 1
        },
        "appinvite_service": {
          "status": 1,
          "other_platform_oauth_client": []
        },
        "ads_service": {
          "status": 2
        }
      }
    }
  ],
  "configuration_version": "1"
}